insert into Library (ID_library, location, item_amount) values (1, 'Holoubkov', 6143);
insert into Library (ID_library, location, item_amount) values (2, 'Gračec', 2438);
insert into Library (ID_library, location, item_amount) values (3, 'Al Fashn', 2992);
insert into Library (ID_library, location, item_amount) values (4, 'Vallentuna', 5413);
insert into Library (ID_library, location, item_amount) values (5, 'Sandaogou', 4802);
insert into Library (ID_library, location, item_amount) values (6, 'Yujin', 4113);
insert into Library (ID_library, location, item_amount) values (7, 'Yuhang', 8445);
insert into Library (ID_library, location, item_amount) values (8, 'Ngrejo', 6320);
insert into Library (ID_library, location, item_amount) values (9, 'Pinheiral', 5852);
insert into Library (ID_library, location, item_amount) values (10, 'Vareš', 1173);
insert into Library (ID_library, location, item_amount) values (11, 'Älvsjö', 8821);
insert into Library (ID_library, location, item_amount) values (12, 'Doko', 7650);
insert into Library (ID_library, location, item_amount) values (13, 'Jinnan', 6684);
insert into Library (ID_library, location, item_amount) values (14, 'Arroio do Meio', 1136);
insert into Library (ID_library, location, item_amount) values (15, 'Jiguan', 9986);
insert into Library (ID_library, location, item_amount) values (16, 'Mainit', 6462);
insert into Library (ID_library, location, item_amount) values (17, 'Vilar', 3941);
insert into Library (ID_library, location, item_amount) values (18, 'Lenešice', 2254);
insert into Library (ID_library, location, item_amount) values (19, 'Tsarychanka', 4618);
insert into Library (ID_library, location, item_amount) values (20, 'Longbei', 7328);

insert into Staff (ID_staff, name, card_ID, address, email, phone, ID_library, position, join_date, salary) values (1, 'Marthena Harcombe', 'F9283762', '21318 Debs Alley', 'mharcombe0@phoca.cz', '06211241', 12, 'Editor', '2000-10-26', 384430.6);
insert into Staff (ID_staff, name, card_ID, address, email, phone, ID_library, position, join_date, salary) values (2, 'Maritsa Britcher', 'I1091984', '9 Artisan Place', 'mbritcher1@paginegialle.it', '25864484', 14, 'Actuary', '2016-06-24', 286178.1);
insert into Staff (ID_staff, name, card_ID, address, email, phone, ID_library, position, join_date, salary) values (3, 'Terrill Peggrem', 'U5397995', '3907 8th Junction', 'tpeggrem2@irs.gov', '76988648', 19, 'Electrical Engineer', '2013-02-02', 848381.0);
insert into Staff (ID_staff, name, card_ID, address, email, phone, ID_library, position, join_date, salary) values (4, 'Lucinda Keig', 'X1091575', '798 Anhalt Parkway', 'lkeig3@linkedin.com', '65335777', 15, 'Geologist I', '2017-01-05', 409922.3);
insert into Staff (ID_staff, name, card_ID, address, email, phone, ID_library, position, join_date, salary) values (5, 'Michelina Keyte', 'Q1913883', '88 Brown Alley', 'mkeyte4@toplist.cz', '83445157', 9, 'Senior Cost Accountant', '2007-03-08', 145888.8);
insert into Staff (ID_staff, name, card_ID, address, email, phone, ID_library, position, join_date, salary) values (6, 'Ina Ouslem', 'V8774612', '08 Mccormick Center', 'iouslem5@imageshack.us', '54596874', 12, 'Biostatistician I', '2012-12-18', 244992.5);
insert into Staff (ID_staff, name, card_ID, address, email, phone, ID_library, position, join_date, salary) values (7, 'Jacquenette Liff', 'R5178481', '322 Debs Park', 'jliff6@wordpress.org', '30695175', 14, 'Dental Hygienist', '2008-11-23', 989071.3);
insert into Staff (ID_staff, name, card_ID, address, email, phone, ID_library, position, join_date, salary) values (8, 'Dyanne Gozney', 'D4377802', '4879 Thierer Hill', 'dgozney7@unesco.org', '83605390', 4, 'Clinical Specialist', '2009-06-03', 792145.4);
insert into Staff (ID_staff, name, card_ID, address, email, phone, ID_library, position, join_date, salary) values (9, 'Goddart Laurence', 'N7869000', '048 Meadow Vale Circle', 'glaurence8@vimeo.com', '01872378', 16, 'Analyst Programmer', '2013-11-10', 348030.8);
insert into Staff (ID_staff, name, card_ID, address, email, phone, ID_library, position, join_date, salary) values (10, 'Chastity Gresty', 'T6176231', '956 Brentwood Plaza', 'cgresty9@technorati.com', '53932998', 10, 'Database Administrator I', '2008-01-11', 839388.0);
insert into Staff (ID_staff, name, card_ID, address, email, phone, ID_library, position, join_date, salary) values (11, 'Smith Bristowe', 'C7291563', '4146 Randy Junction', 'sbristowea@github.com', '35646196', 20, 'Assistant Media Planner', '2012-08-29', 74990.4);
insert into Staff (ID_staff, name, card_ID, address, email, phone, ID_library, position, join_date, salary) values (12, 'Lotti Lamshead', 'H0921796', '803 Maryland Center', 'llamsheadb@freewebs.com', '28812913', 5, 'Speech Pathologist', '2003-07-26', 853565.8);
insert into Staff (ID_staff, name, card_ID, address, email, phone, ID_library, position, join_date, salary) values (13, 'Karel Pittel', 'U6141023', '06 Cody Pass', 'kpittelc@sohu.com', '15551116', 20, 'Financial Advisor', '2008-12-30', 403567.6);
insert into Staff (ID_staff, name, card_ID, address, email, phone, ID_library, position, join_date, salary) values (14, 'Costa Valett', 'Z1300710', '27 Prentice Road', 'cvalettd@rediff.com', '87655915', 1, 'Civil Engineer', '2003-12-29', 643175.6);
insert into Staff (ID_staff, name, card_ID, address, email, phone, ID_library, position, join_date, salary) values (15, 'Christye Aidler', 'P2555702', '74 Roxbury Place', 'caidlere@spotify.com', '64886050', 4, 'Project Manager', '2006-03-28', 687635.4);
insert into Staff (ID_staff, name, card_ID, address, email, phone, ID_library, position, join_date, salary) values (16, 'Petronille Risbridger', 'Y4687942', '68513 Warrior Terrace', 'prisbridgerf@sourceforge.net', '40179960', 12, 'Senior Cost Accountant', '2013-01-08', 966930.0);
insert into Staff (ID_staff, name, card_ID, address, email, phone, ID_library, position, join_date, salary) values (17, 'Romonda Ganny', 'I7792504', '06 Gale Parkway', 'rgannyg@indiatimes.com', '50859398', 2, 'Structural Engineer', '2008-03-29', 20444.1);
insert into Staff (ID_staff, name, card_ID, address, email, phone, ID_library, position, join_date, salary) values (18, 'Gwenneth Pursehouse', 'L8962498', '178 Eagle Crest Alley', 'gpursehouseh@google.fr', '69194717', 1, 'Information Systems Manager', '2012-10-16', 105889.5);
insert into Staff (ID_staff, name, card_ID, address, email, phone, ID_library, position, join_date, salary) values (19, 'Lorenza Bergeau', 'I3202926', '062 Farragut Lane', 'lbergeaui@sfgate.com', '63781163', 13, 'Engineer I', '2017-03-17', 30470.4);
insert into Staff (ID_staff, name, card_ID, address, email, phone, ID_library, position, join_date, salary) values (20, 'Joellyn Ruberry', 'B4229617', '1 Duke Center', 'jruberryj@time.com', '81671461', 16, 'Mechanical Systems Engineer', '2006-03-09', 357644.0);
insert into Staff (ID_staff, name, card_ID, address, email, phone, ID_library, position, join_date, salary) values (21, 'Konstantin McKimm', 'S9854189', '94 Chive Center', 'kmckimmk@ezinearticles.com', '36335174', 13, 'Staff Accountant IV', '2003-03-11', 745437.3);
insert into Staff (ID_staff, name, card_ID, address, email, phone, ID_library, position, join_date, salary) values (22, 'Winny Babbe', 'T5250829', '468 Meadow Valley Parkway', 'wbabbel@technorati.com', '38402772', 15, 'Nuclear Power Engineer', '2001-02-02', 435211.4);
insert into Staff (ID_staff, name, card_ID, address, email, phone, ID_library, position, join_date, salary) values (23, 'Irena Habbal', 'T9664136', '18284 Caliangt Trail', 'ihabbalm@oracle.com', '05476943', 19, 'Accounting Assistant II', '2009-03-06', 257802.8);
insert into Staff (ID_staff, name, card_ID, address, email, phone, ID_library, position, join_date, salary) values (24, 'Lothario Roake', 'I4576153', '0140 Dapin Pass', 'lroaken@yale.edu', '26903960', 8, 'Assistant Media Planner', '2003-03-16', 850497.3);
insert into Staff (ID_staff, name, card_ID, address, email, phone, ID_library, position, join_date, salary) values (25, 'Fee Culy', 'I7527639', '7811 New Castle Road', 'fculyo@goodreads.com', '20023359', 10, 'Junior Executive', '2017-09-24', 978224.3);
insert into Staff (ID_staff, name, card_ID, address, email, phone, ID_library, position, join_date, salary) values (26, 'Shoshana Pozzo', 'V0937102', '5392 Heath Court', 'spozzop@google.it', '71334727', 2, 'Recruiter', '2018-07-19', 215439.8);
insert into Staff (ID_staff, name, card_ID, address, email, phone, ID_library, position, join_date, salary) values (27, 'Thoma Chellam', 'F7435639', '7776 Grover Alley', 'tchellamq@timesonline.co.uk', '37986873', 9, 'Environmental Tech', '2002-12-09', 559496.6);
insert into Staff (ID_staff, name, card_ID, address, email, phone, ID_library, position, join_date, salary) values (28, 'Jeffie Takis', 'Z8897131', '820 Nevada Terrace', 'jtakisr@dyndns.org', '30673549', 1, 'Teacher', '2010-07-09', 121092.2);
insert into Staff (ID_staff, name, card_ID, address, email, phone, ID_library, position, join_date, salary) values (29, 'Wynnie Tute', 'S6124860', '7 Forster Center', 'wtutes@geocities.com', '75304319', 8, 'Civil Engineer', '2015-11-21', 596509.0);
insert into Staff (ID_staff, name, card_ID, address, email, phone, ID_library, position, join_date, salary) values (30, 'Bernard Sarton', 'S8054825', '83790 International Pass', 'bsartont@ustream.tv', '18636642', 18, 'Physical Therapy Assistant', '2005-06-06', 16978.5);
insert into Staff (ID_staff, name, card_ID, address, email, phone, ID_library, position, join_date, salary) values (31, 'Enos Farryn', 'U0126227', '56 Evergreen Center', 'efarrynu@liveinternet.ru', '92604181', 15, 'Biostatistician I', '2013-02-09', 638931.3);
insert into Staff (ID_staff, name, card_ID, address, email, phone, ID_library, position, join_date, salary) values (32, 'Herman Pemberton', 'C7358487', '92108 Longview Avenue', 'hpembertonv@tuttocitta.it', '45256589', 1, 'Physical Therapy Assistant', '2019-02-24', 230160.9);
insert into Staff (ID_staff, name, card_ID, address, email, phone, ID_library, position, join_date, salary) values (33, 'Ive Bixley', 'L2235408', '9472 Thompson Court', 'ibixleyw@drupal.org', '74738509', 10, 'Geological Engineer', '2007-12-13', 914353.3);
insert into Staff (ID_staff, name, card_ID, address, email, phone, ID_library, position, join_date, salary) values (34, 'Celestyna Phuprate', 'B0369887', '439 Red Cloud Court', 'cphupratex@stanford.edu', '38396783', 2, 'Cost Accountant', '2003-11-25', 218567.6);
insert into Staff (ID_staff, name, card_ID, address, email, phone, ID_library, position, join_date, salary) values (35, 'Kin Lepope', 'G5048309', '87 Saint Paul Street', 'klepopey@issuu.com', '35074547', 19, 'Product Engineer', '2020-09-21', 373264.9);
insert into Staff (ID_staff, name, card_ID, address, email, phone, ID_library, position, join_date, salary) values (36, 'Ranique Stapleton', 'C9017009', '3461 Anderson Trail', 'rstapletonz@naver.com', '35537327', 7, 'Tax Accountant', '2016-05-08', 20267.0);
insert into Staff (ID_staff, name, card_ID, address, email, phone, ID_library, position, join_date, salary) values (37, 'Anna-diana Fierro', 'U5512309', '25562 Sachtjen Lane', 'afierro10@cbc.ca', '22507426', 7, 'GIS Technical Architect', '2003-03-16', 583879.6);
insert into Staff (ID_staff, name, card_ID, address, email, phone, ID_library, position, join_date, salary) values (38, 'Abigail Ovey', 'Z2517612', '1 Carey Street', 'aovey11@cmu.edu', '21169971', 3, 'Media Manager IV', '2018-12-02', 984725.3);
insert into Staff (ID_staff, name, card_ID, address, email, phone, ID_library, position, join_date, salary) values (39, 'Spike Pearce', 'W5852591', '17 Clyde Gallagher Street', 'spearce12@un.org', '57755831', 7, 'Senior Developer', '2017-12-15', 263756.9);
insert into Staff (ID_staff, name, card_ID, address, email, phone, ID_library, position, join_date, salary) values (40, 'Land Whitticks', 'T6574219', '78739 Scofield Trail', 'lwhitticks13@bbb.org', '79838717', 11, 'Director of Sales', '2011-02-25', 166463.9);
insert into Staff (ID_staff, name, card_ID, address, email, phone, ID_library, position, join_date, salary) values (41, 'Gill Mancktelow', 'I5207410', '76963 Mayfield Alley', 'gmancktelow14@cbsnews.com', '55225834', 12, 'Developer II', '2011-11-24', 934256.8);
insert into Staff (ID_staff, name, card_ID, address, email, phone, ID_library, position, join_date, salary) values (42, 'Hermia Sawforde', 'R2546797', '313 Nobel Drive', 'hsawforde15@people.com.cn', '76859961', 2, 'Electrical Engineer', '2016-02-10', 236942.5);
insert into Staff (ID_staff, name, card_ID, address, email, phone, ID_library, position, join_date, salary) values (43, 'Herrick Kaspar', 'U1435676', '33 Hanson Terrace', 'hkaspar16@friendfeed.com', '83630423', 16, 'Systems Administrator III', '2010-10-22', 739064.1);
insert into Staff (ID_staff, name, card_ID, address, email, phone, ID_library, position, join_date, salary) values (44, 'Mabelle Meach', 'W4771293', '6 Mitchell Alley', 'mmeach17@furl.net', '20417127', 9, 'Assistant Professor', '2020-08-07', 77592.1);
insert into Staff (ID_staff, name, card_ID, address, email, phone, ID_library, position, join_date, salary) values (45, 'Hersh Francisco', 'O3498460', '45327 Farragut Hill', 'hfrancisco18@nymag.com', '40488576', 12, 'Research Nurse', '2014-10-25', 409489.2);
insert into Staff (ID_staff, name, card_ID, address, email, phone, ID_library, position, join_date, salary) values (46, 'Roselle MacGraith', 'W5074398', '699 Pawling Way', 'rmacgraith19@ftc.gov', '81432602', 2, 'Biostatistician III', '2004-12-25', 86636.1);
insert into Staff (ID_staff, name, card_ID, address, email, phone, ID_library, position, join_date, salary) values (47, 'Morie Binnion', 'O1687459', '4366 Hayes Parkway', 'mbinnion1a@adobe.com', '38898068', 11, 'Chemical Engineer', '2008-01-19', 412671.4);
insert into Staff (ID_staff, name, card_ID, address, email, phone, ID_library, position, join_date, salary) values (48, 'Chastity Breen', 'T4014331', '8912 Raven Lane', 'cbreen1b@walmart.com', '32717275', 11, 'Quality Engineer', '2010-01-22', 583599.1);
insert into Staff (ID_staff, name, card_ID, address, email, phone, ID_library, position, join_date, salary) values (49, 'Caleb Piggot', 'G2884144', '700 Lakeland Road', 'cpiggot1c@ucsd.edu', '26168544', 3, 'Account Representative I', '2000-04-30', 859102.8);
insert into Staff (ID_staff, name, card_ID, address, email, phone, ID_library, position, join_date, salary) values (50, 'Chrysler Varndall', 'Q8831508', '08517 Bowman Lane', 'cvarndall1d@is.gd', '33989681', 4, 'Chemical Engineer', '2010-04-22', 563561.3);
insert into Staff (ID_staff, name, card_ID, address, email, phone, ID_library, position, join_date, salary) values (51, 'Adan Caldroni', 'N8721811', '5216 Jackson Lane', 'acaldroni1e@independent.co.uk', '51548176', 20, 'Nuclear Power Engineer', '2002-02-04', 414729.6);
insert into Staff (ID_staff, name, card_ID, address, email, phone, ID_library, position, join_date, salary) values (52, 'Norry Aughtie', 'C6461083', '7764 Del Sol Hill', 'naughtie1f@biblegateway.com', '10632240', 3, 'Engineer I', '2005-10-22', 149568.1);
insert into Staff (ID_staff, name, card_ID, address, email, phone, ID_library, position, join_date, salary) values (53, 'Carma Rustadge', 'I3647380', '66 Holy Cross Park', 'crustadge1g@cnet.com', '84949860', 16, 'Internal Auditor', '2019-02-23', 890989.7);
insert into Staff (ID_staff, name, card_ID, address, email, phone, ID_library, position, join_date, salary) values (54, 'Jard Ernke', 'S4028884', '05 Cordelia Court', 'jernke1h@mtv.com', '74898266', 11, 'Senior Financial Analyst', '2001-01-16', 536862.7);
insert into Staff (ID_staff, name, card_ID, address, email, phone, ID_library, position, join_date, salary) values (55, 'Kathi Ragge', 'S5723783', '0813 Thierer Avenue', 'kragge1i@aol.com', '89897193', 2, 'Clinical Specialist', '2020-04-24', 194660.7);
insert into Staff (ID_staff, name, card_ID, address, email, phone, ID_library, position, join_date, salary) values (56, 'Gwenni Friskey', 'O0302718', '750 Little Fleur Center', 'gfriskey1j@fda.gov', '44799018', 16, 'Assistant Manager', '2012-11-07', 153855.7);
insert into Staff (ID_staff, name, card_ID, address, email, phone, ID_library, position, join_date, salary) values (57, 'Tersina Bonsul', 'N3535431', '254 Rigney Parkway', 'tbonsul1k@ebay.co.uk', '35672484', 4, 'Sales Associate', '2008-08-26', 241254.8);
insert into Staff (ID_staff, name, card_ID, address, email, phone, ID_library, position, join_date, salary) values (58, 'Beulah Goldsworthy', 'S4065556', '572 Sunbrook Hill', 'bgoldsworthy1l@narod.ru', '31469605', 7, 'Marketing Assistant', '2018-06-30', 494445.9);
insert into Staff (ID_staff, name, card_ID, address, email, phone, ID_library, position, join_date, salary) values (59, 'Barde Lates', 'F7079755', '71 Prentice Plaza', 'blates1m@vinaora.com', '79175556', 13, 'Environmental Tech', '2001-06-18', 947595.2);
insert into Staff (ID_staff, name, card_ID, address, email, phone, ID_library, position, join_date, salary) values (60, 'Alf O''Hannay', 'P9126369', '78079 Hovde Center', 'aohannay1n@digg.com', '23990541', 18, 'Dental Hygienist', '2004-01-30', 438437.8);

insert into Collection (ISBN, name, author, publisher, language, ID_search, category, type) values (1, 'Red Garters', 'Locke Bampton', 'Nolan, Cummerata and O''Conner', 'Malagasy', 1, 'Comedy|Musical|Western', 1);
insert into Collection (ISBN, name, author, publisher, language, ID_search, category, type) values (2, 'Grown Ups 2', 'Kipp Marsham', 'Johnson, Lemke and Stamm', 'Bulgarian', 2, 'Comedy', 1);
insert into Collection (ISBN, name, author, publisher, language, ID_search, category, type) values (3, 'Goldfish Memory', 'Tracie Binner', 'Lind-Gulgowski', 'Nepali', 3, 'Comedy|Drama', 1);
insert into Collection (ISBN, name, author, publisher, language, ID_search, category, type) values (4, 'Whales of August, The', 'Conrad Spendlove', 'Oberbrunner Group', 'Czech', 4, 'Drama', 1);
insert into Collection (ISBN, name, author, publisher, language, ID_search, category, type) values (5, 'The Nutcracker in 3D', 'Arney Gateman', 'Gusikowski-Schumm', 'Nepali', 5, 'Action|Children|Fantasy|Musical', 1);
insert into Collection (ISBN, name, author, publisher, language, ID_search, category, type) values (6, 'Brother of Sleep (Schlafes Bruder)', 'Ravi Forde', 'Kshlerin Group', 'Amharic', 6, 'Drama', 1);
insert into Collection (ISBN, name, author, publisher, language, ID_search, category, type) values (7, 'Stage Beauty', 'Ardelia Gaythor', 'Powlowski-Keebler', 'Malagasy', 7, 'Drama', 1);
insert into Collection (ISBN, name, author, publisher, language, ID_search, category, type) values (8, 'Blood Suckers from Outer Space', 'Ginny Mouse', 'Huels, Bergnaum and Harber', 'Dzongkha', 8, 'Comedy|Horror|Sci-Fi', 2);
insert into Collection (ISBN, name, author, publisher, language, ID_search, category, type) values (9, 'Missing Person, The', 'Matthus Lindborg', 'Boehm, Hyatt and Boyer', 'Italian', 9, 'Drama|Film-Noir|Mystery', 1);
insert into Collection (ISBN, name, author, publisher, language, ID_search, category, type) values (10, 'Rage of Honor', 'Gawen Dowbiggin', 'Wehner, Gleason and Durgan', 'Lao', 10, 'Action|Crime', 1);
insert into Collection (ISBN, name, author, publisher, language, ID_search, category, type) values (11, 'Maybe Baby', 'Mick Culcheth', 'Hermann, Jones and O''Keefe', 'Tamil', 11, 'Comedy|Romance', 2);
insert into Collection (ISBN, name, author, publisher, language, ID_search, category, type) values (12, 'Houseboat', 'Zared Faithorn', 'Tillman LLC', 'Tswana', 12, 'Comedy|Romance', 2);
insert into Collection (ISBN, name, author, publisher, language, ID_search, category, type) values (13, 'Wicked City (Yôjû toshi)', 'Swen Arunowicz', 'Ernser Inc', 'Kurdish', 13, 'Animation|Fantasy|Horror|Sci-Fi', 1);
insert into Collection (ISBN, name, author, publisher, language, ID_search, category, type) values (14, 'Brooklyn Castle', 'Rosemaria Arckoll', 'Heathcote, Maggio and Pacocha', 'Macedonian', 14, 'Documentary', 1);
insert into Collection (ISBN, name, author, publisher, language, ID_search, category, type) values (15, 'Unthinkable', 'Linnea Reasun', 'Roberts, Bins and Russel', 'Montenegrin', 15, 'Drama|Thriller', 1);
insert into Collection (ISBN, name, author, publisher, language, ID_search, category, type) values (16, 'Cinderella II: Dreams Come True', 'Bryn Greswell', 'Douglas-Cremin', 'Chinese', 16, 'Animation|Children|Fantasy', 2);
insert into Collection (ISBN, name, author, publisher, language, ID_search, category, type) values (17, 'Rabid Grannies (Mémés cannibales, Les)', 'Harbert Giacopetti', 'Watsica LLC', 'Haitian Creole', 17, 'Comedy|Horror', 2);
insert into Collection (ISBN, name, author, publisher, language, ID_search, category, type) values (18, 'Transporter 2', 'Corly Few', 'Dare, Bergstrom and Mosciski', 'Irish Gaelic', 18, 'Action|Crime|Thriller', 2);
insert into Collection (ISBN, name, author, publisher, language, ID_search, category, type) values (19, 'Copying Beethoven', 'Vivienne Spriddle', 'Lueilwitz LLC', 'Yiddish', 19, 'Drama|Musical', 1);
insert into Collection (ISBN, name, author, publisher, language, ID_search, category, type) values (20, 'Better Place, A', 'Florence Davison', 'Tremblay-Quigley', 'Azeri', 20, 'Drama', 2);

insert into Item (ID_item, ID_library, ISBN, status, bought_date, cost) values (1, 4, 8, 3, '2004-03-22', 218.6);
insert into Item (ID_item, ID_library, ISBN, status, bought_date, cost) values (2, 6, 6, 3, '2016-02-14', 582.6);
insert into Item (ID_item, ID_library, ISBN, status, bought_date, cost) values (3, 9, 8, 1, '2009-01-02', 778.1);
insert into Item (ID_item, ID_library, ISBN, status, bought_date, cost) values (4, 13, 3, 1, '2003-08-19', 184.0);
insert into Item (ID_item, ID_library, ISBN, status, bought_date, cost) values (5, 17, 20, 2, '2012-04-06', 263.6);
insert into Item (ID_item, ID_library, ISBN, status, bought_date, cost) values (6, 13, 7, 2, '2018-02-21', 484.7);
insert into Item (ID_item, ID_library, ISBN, status, bought_date, cost) values (7, 14, 7, 1, '2017-09-25', 906.6);
insert into Item (ID_item, ID_library, ISBN, status, bought_date, cost) values (8, 10, 17, 3, '2010-06-15', 671.3);
insert into Item (ID_item, ID_library, ISBN, status, bought_date, cost) values (9, 16, 18, 3, '2013-10-08', 262.4);
insert into Item (ID_item, ID_library, ISBN, status, bought_date, cost) values (10, 15, 19, 1, '2004-01-07', 355.3);
insert into Item (ID_item, ID_library, ISBN, status, bought_date, cost) values (11, 11, 4, 1, '2005-11-27', 195.8);
insert into Item (ID_item, ID_library, ISBN, status, bought_date, cost) values (12, 1, 4, 1, '2001-01-30', 118.7);
insert into Item (ID_item, ID_library, ISBN, status, bought_date, cost) values (13, 14, 6, 3, '2020-04-27', 978.1);
insert into Item (ID_item, ID_library, ISBN, status, bought_date, cost) values (14, 9, 14, 1, '2018-05-31', 149.0);
insert into Item (ID_item, ID_library, ISBN, status, bought_date, cost) values (15, 20, 20, 3, '2002-04-27', 421.5);
insert into Item (ID_item, ID_library, ISBN, status, bought_date, cost) values (16, 10, 17, 2, '2014-12-30', 579.9);
insert into Item (ID_item, ID_library, ISBN, status, bought_date, cost) values (17, 11, 15, 2, '2000-10-13', 890.1);
insert into Item (ID_item, ID_library, ISBN, status, bought_date, cost) values (18, 1, 19, 1, '2013-04-23', 755.7);
insert into Item (ID_item, ID_library, ISBN, status, bought_date, cost) values (19, 5, 14, 3, '2016-12-02', 733.8);
insert into Item (ID_item, ID_library, ISBN, status, bought_date, cost) values (20, 6, 5, 1, '2002-08-09', 540.0);
insert into Item (ID_item, ID_library, ISBN, status, bought_date, cost) values (21, 5, 16, 2, '2004-05-07', 847.6);
insert into Item (ID_item, ID_library, ISBN, status, bought_date, cost) values (22, 3, 17, 3, '2007-03-22', 328.4);
insert into Item (ID_item, ID_library, ISBN, status, bought_date, cost) values (23, 2, 19, 1, '2001-10-28', 404.0);
insert into Item (ID_item, ID_library, ISBN, status, bought_date, cost) values (24, 12, 4, 2, '2011-05-05', 348.6);
insert into Item (ID_item, ID_library, ISBN, status, bought_date, cost) values (25, 4, 16, 2, '2019-06-12', 201.1);
insert into Item (ID_item, ID_library, ISBN, status, bought_date, cost) values (26, 17, 18, 2, '2014-12-08', 525.2);
insert into Item (ID_item, ID_library, ISBN, status, bought_date, cost) values (27, 14, 1, 3, '2010-11-05', 349.8);
insert into Item (ID_item, ID_library, ISBN, status, bought_date, cost) values (28, 3, 4, 1, '2000-12-11', 764.6);
insert into Item (ID_item, ID_library, ISBN, status, bought_date, cost) values (29, 8, 7, 1, '2018-07-27', 645.5);
insert into Item (ID_item, ID_library, ISBN, status, bought_date, cost) values (30, 8, 14, 2, '2015-12-20', 625.0);
insert into Item (ID_item, ID_library, ISBN, status, bought_date, cost) values (31, 7, 3, 2, '2008-02-14', 494.5);
insert into Item (ID_item, ID_library, ISBN, status, bought_date, cost) values (32, 4, 11, 1, '2007-12-21', 333.3);
insert into Item (ID_item, ID_library, ISBN, status, bought_date, cost) values (33, 19, 8, 2, '2000-04-17', 795.8);
insert into Item (ID_item, ID_library, ISBN, status, bought_date, cost) values (34, 6, 15, 1, '2004-04-27', 477.9);
insert into Item (ID_item, ID_library, ISBN, status, bought_date, cost) values (35, 8, 15, 3, '2009-07-14', 161.3);
insert into Item (ID_item, ID_library, ISBN, status, bought_date, cost) values (36, 4, 3, 2, '2002-06-16', 773.6);
insert into Item (ID_item, ID_library, ISBN, status, bought_date, cost) values (37, 2, 15, 1, '2012-05-02', 595.3);
insert into Item (ID_item, ID_library, ISBN, status, bought_date, cost) values (38, 14, 17, 3, '2018-03-22', 82.2);
insert into Item (ID_item, ID_library, ISBN, status, bought_date, cost) values (39, 19, 13, 1, '2005-05-26', 597.4);
insert into Item (ID_item, ID_library, ISBN, status, bought_date, cost) values (40, 6, 1, 3, '2019-02-21', 269.2);
insert into Item (ID_item, ID_library, ISBN, status, bought_date, cost) values (41, 15, 1, 3, '2006-03-17', 861.6);
insert into Item (ID_item, ID_library, ISBN, status, bought_date, cost) values (42, 14, 20, 1, '2010-11-24', 572.0);
insert into Item (ID_item, ID_library, ISBN, status, bought_date, cost) values (43, 7, 15, 2, '2008-06-01', 336.7);
insert into Item (ID_item, ID_library, ISBN, status, bought_date, cost) values (44, 19, 17, 3, '2000-12-16', 698.5);
insert into Item (ID_item, ID_library, ISBN, status, bought_date, cost) values (45, 14, 18, 2, '2000-03-30', 642.6);
insert into Item (ID_item, ID_library, ISBN, status, bought_date, cost) values (46, 2, 8, 3, '2013-05-27', 860.7);
insert into Item (ID_item, ID_library, ISBN, status, bought_date, cost) values (47, 16, 1, 2, '2001-08-02', 531.3);
insert into Item (ID_item, ID_library, ISBN, status, bought_date, cost) values (48, 7, 12, 2, '2017-04-24', 823.6);
insert into Item (ID_item, ID_library, ISBN, status, bought_date, cost) values (49, 2, 20, 1, '2016-05-02', 206.5);
insert into Item (ID_item, ID_library, ISBN, status, bought_date, cost) values (50, 5, 4, 3, '2011-09-06', 751.6);
insert into Item (ID_item, ID_library, ISBN, status, bought_date, cost) values (51, 16, 11, 2, '2019-09-21', 116.2);
insert into Item (ID_item, ID_library, ISBN, status, bought_date, cost) values (52, 4, 12, 2, '2011-10-28', 971.1);
insert into Item (ID_item, ID_library, ISBN, status, bought_date, cost) values (53, 8, 18, 1, '2009-01-26', 710.2);
insert into Item (ID_item, ID_library, ISBN, status, bought_date, cost) values (54, 14, 12, 2, '2003-03-24', 676.5);
insert into Item (ID_item, ID_library, ISBN, status, bought_date, cost) values (55, 8, 14, 2, '2013-10-11', 467.4);
insert into Item (ID_item, ID_library, ISBN, status, bought_date, cost) values (56, 20, 19, 2, '2018-08-26', 280.9);
insert into Item (ID_item, ID_library, ISBN, status, bought_date, cost) values (57, 14, 16, 2, '2003-04-20', 523.4);
insert into Item (ID_item, ID_library, ISBN, status, bought_date, cost) values (58, 12, 7, 3, '2006-11-22', 765.9);
insert into Item (ID_item, ID_library, ISBN, status, bought_date, cost) values (59, 7, 9, 2, '2016-09-15', 258.6);
insert into Item (ID_item, ID_library, ISBN, status, bought_date, cost) values (60, 20, 13, 1, '2011-06-01', 815.3);
insert into Item (ID_item, ID_library, ISBN, status, bought_date, cost) values (61, 2, 17, 3, '2015-10-22', 640.1);
insert into Item (ID_item, ID_library, ISBN, status, bought_date, cost) values (62, 8, 13, 1, '2008-06-23', 616.2);
insert into Item (ID_item, ID_library, ISBN, status, bought_date, cost) values (63, 10, 20, 1, '2020-05-10', 97.8);
insert into Item (ID_item, ID_library, ISBN, status, bought_date, cost) values (64, 7, 13, 2, '2014-03-02', 870.3);
insert into Item (ID_item, ID_library, ISBN, status, bought_date, cost) values (65, 8, 5, 3, '2011-12-22', 918.9);
insert into Item (ID_item, ID_library, ISBN, status, bought_date, cost) values (66, 5, 20, 1, '2002-05-05', 301.7);
insert into Item (ID_item, ID_library, ISBN, status, bought_date, cost) values (67, 20, 4, 1, '2010-06-05', 591.9);
insert into Item (ID_item, ID_library, ISBN, status, bought_date, cost) values (68, 13, 2, 2, '2020-07-03', 484.4);
insert into Item (ID_item, ID_library, ISBN, status, bought_date, cost) values (69, 16, 19, 1, '2001-07-10', 343.1);
insert into Item (ID_item, ID_library, ISBN, status, bought_date, cost) values (70, 15, 8, 2, '2020-08-30', 434.8);
insert into Item (ID_item, ID_library, ISBN, status, bought_date, cost) values (71, 20, 17, 1, '2019-12-12', 290.0);
insert into Item (ID_item, ID_library, ISBN, status, bought_date, cost) values (72, 14, 3, 3, '2016-08-21', 425.6);
insert into Item (ID_item, ID_library, ISBN, status, bought_date, cost) values (73, 8, 4, 1, '2017-05-15', 466.7);
insert into Item (ID_item, ID_library, ISBN, status, bought_date, cost) values (74, 3, 11, 3, '2010-03-17', 777.4);
insert into Item (ID_item, ID_library, ISBN, status, bought_date, cost) values (75, 14, 15, 1, '2019-04-27', 516.8);
insert into Item (ID_item, ID_library, ISBN, status, bought_date, cost) values (76, 8, 16, 2, '2016-12-03', 959.9);
insert into Item (ID_item, ID_library, ISBN, status, bought_date, cost) values (77, 1, 2, 3, '2011-04-25', 431.1);
insert into Item (ID_item, ID_library, ISBN, status, bought_date, cost) values (78, 11, 16, 1, '2019-05-09', 203.1);
insert into Item (ID_item, ID_library, ISBN, status, bought_date, cost) values (79, 2, 19, 1, '2008-06-28', 829.5);
insert into Item (ID_item, ID_library, ISBN, status, bought_date, cost) values (80, 6, 16, 2, '2017-09-13', 368.0);
insert into Item (ID_item, ID_library, ISBN, status, bought_date, cost) values (81, 16, 18, 2, '2013-01-09', 947.3);
insert into Item (ID_item, ID_library, ISBN, status, bought_date, cost) values (82, 18, 10, 2, '2015-05-29', 242.0);
insert into Item (ID_item, ID_library, ISBN, status, bought_date, cost) values (83, 5, 7, 3, '2016-08-21', 149.3);
insert into Item (ID_item, ID_library, ISBN, status, bought_date, cost) values (84, 16, 6, 3, '2014-05-08', 176.4);
insert into Item (ID_item, ID_library, ISBN, status, bought_date, cost) values (85, 10, 7, 2, '2001-06-15', 940.4);
insert into Item (ID_item, ID_library, ISBN, status, bought_date, cost) values (86, 5, 11, 2, '2012-08-15', 924.3);
insert into Item (ID_item, ID_library, ISBN, status, bought_date, cost) values (87, 5, 3, 3, '2014-06-17', 910.2);
insert into Item (ID_item, ID_library, ISBN, status, bought_date, cost) values (88, 1, 10, 3, '2016-06-17', 854.9);
insert into Item (ID_item, ID_library, ISBN, status, bought_date, cost) values (89, 7, 9, 3, '2012-10-19', 104.7);
insert into Item (ID_item, ID_library, ISBN, status, bought_date, cost) values (90, 2, 12, 1, '2016-09-20', 278.3);
insert into Item (ID_item, ID_library, ISBN, status, bought_date, cost) values (91, 17, 13, 2, '2018-10-25', 46.0);
insert into Item (ID_item, ID_library, ISBN, status, bought_date, cost) values (92, 3, 18, 3, '2005-02-23', 655.6);
insert into Item (ID_item, ID_library, ISBN, status, bought_date, cost) values (93, 13, 19, 1, '2004-10-11', 980.5);
insert into Item (ID_item, ID_library, ISBN, status, bought_date, cost) values (94, 19, 20, 2, '2004-08-25', 349.2);
insert into Item (ID_item, ID_library, ISBN, status, bought_date, cost) values (95, 2, 5, 2, '2006-08-22', 739.4);
insert into Item (ID_item, ID_library, ISBN, status, bought_date, cost) values (96, 18, 10, 2, '2005-08-25', 611.6);
insert into Item (ID_item, ID_library, ISBN, status, bought_date, cost) values (97, 2, 8, 3, '2010-03-28', 79.9);
insert into Item (ID_item, ID_library, ISBN, status, bought_date, cost) values (98, 7, 1, 3, '2020-05-26', 788.9);
insert into Item (ID_item, ID_library, ISBN, status, bought_date, cost) values (99, 7, 20, 2, '2011-09-15', 915.6);
insert into Item (ID_item, ID_library, ISBN, status, bought_date, cost) values (100, 18, 13, 3, '2014-12-03', 754.9);
insert into Item (ID_item, ID_library, ISBN, status, bought_date, cost) values (101, 17, 13, 1, '2017-10-25', 192.7);
insert into Item (ID_item, ID_library, ISBN, status, bought_date, cost) values (102, 2, 17, 3, '2004-12-05', 258.8);
insert into Item (ID_item, ID_library, ISBN, status, bought_date, cost) values (103, 20, 11, 2, '2016-08-21', 825.5);
insert into Item (ID_item, ID_library, ISBN, status, bought_date, cost) values (104, 2, 16, 3, '2010-03-10', 996.5);
insert into Item (ID_item, ID_library, ISBN, status, bought_date, cost) values (105, 2, 2, 3, '2004-02-01', 427.2);
insert into Item (ID_item, ID_library, ISBN, status, bought_date, cost) values (106, 19, 16, 1, '2010-02-21', 303.1);
insert into Item (ID_item, ID_library, ISBN, status, bought_date, cost) values (107, 4, 11, 2, '2018-10-21', 398.4);
insert into Item (ID_item, ID_library, ISBN, status, bought_date, cost) values (108, 18, 11, 2, '2010-11-10', 331.3);
insert into Item (ID_item, ID_library, ISBN, status, bought_date, cost) values (109, 18, 8, 3, '2003-08-05', 559.6);
insert into Item (ID_item, ID_library, ISBN, status, bought_date, cost) values (110, 16, 19, 2, '2001-07-04', 728.5);
insert into Item (ID_item, ID_library, ISBN, status, bought_date, cost) values (111, 5, 4, 3, '2015-02-08', 807.1);
insert into Item (ID_item, ID_library, ISBN, status, bought_date, cost) values (112, 3, 18, 2, '2018-06-21', 847.5);
insert into Item (ID_item, ID_library, ISBN, status, bought_date, cost) values (113, 14, 19, 3, '2005-09-19', 801.3);
insert into Item (ID_item, ID_library, ISBN, status, bought_date, cost) values (114, 10, 14, 1, '2016-03-02', 624.8);
insert into Item (ID_item, ID_library, ISBN, status, bought_date, cost) values (115, 20, 16, 3, '2018-01-27', 689.0);
insert into Item (ID_item, ID_library, ISBN, status, bought_date, cost) values (116, 4, 19, 1, '2017-05-08', 918.0);
insert into Item (ID_item, ID_library, ISBN, status, bought_date, cost) values (117, 13, 14, 1, '2003-03-21', 393.3);
insert into Item (ID_item, ID_library, ISBN, status, bought_date, cost) values (118, 9, 15, 2, '2005-03-17', 813.3);
insert into Item (ID_item, ID_library, ISBN, status, bought_date, cost) values (119, 20, 20, 2, '2014-09-18', 91.7);
insert into Item (ID_item, ID_library, ISBN, status, bought_date, cost) values (120, 16, 6, 2, '2012-03-24', 354.1);
insert into Item (ID_item, ID_library, ISBN, status, bought_date, cost) values (121, 16, 20, 3, '2018-06-07', 484.7);
insert into Item (ID_item, ID_library, ISBN, status, bought_date, cost) values (122, 2, 18, 1, '2013-09-19', 808.1);
insert into Item (ID_item, ID_library, ISBN, status, bought_date, cost) values (123, 5, 1, 2, '2012-08-23', 441.9);
insert into Item (ID_item, ID_library, ISBN, status, bought_date, cost) values (124, 17, 4, 3, '2008-07-05', 645.0);
insert into Item (ID_item, ID_library, ISBN, status, bought_date, cost) values (125, 10, 12, 1, '2010-06-04', 873.6);
insert into Item (ID_item, ID_library, ISBN, status, bought_date, cost) values (126, 4, 8, 2, '2000-05-08', 603.5);
insert into Item (ID_item, ID_library, ISBN, status, bought_date, cost) values (127, 8, 2, 1, '2009-06-01', 497.3);
insert into Item (ID_item, ID_library, ISBN, status, bought_date, cost) values (128, 17, 17, 1, '2003-11-21', 757.3);
insert into Item (ID_item, ID_library, ISBN, status, bought_date, cost) values (129, 18, 2, 3, '2016-09-22', 24.9);
insert into Item (ID_item, ID_library, ISBN, status, bought_date, cost) values (130, 7, 3, 3, '2018-03-12', 905.9);
insert into Item (ID_item, ID_library, ISBN, status, bought_date, cost) values (131, 16, 2, 3, '2008-01-18', 638.9);
insert into Item (ID_item, ID_library, ISBN, status, bought_date, cost) values (132, 7, 14, 1, '2007-01-26', 845.6);
insert into Item (ID_item, ID_library, ISBN, status, bought_date, cost) values (133, 10, 19, 2, '2017-09-11', 787.3);
insert into Item (ID_item, ID_library, ISBN, status, bought_date, cost) values (134, 8, 5, 1, '2006-09-18', 504.6);
insert into Item (ID_item, ID_library, ISBN, status, bought_date, cost) values (135, 5, 2, 3, '2009-01-01', 481.8);
insert into Item (ID_item, ID_library, ISBN, status, bought_date, cost) values (136, 8, 7, 1, '2011-10-30', 630.5);
insert into Item (ID_item, ID_library, ISBN, status, bought_date, cost) values (137, 19, 8, 2, '2011-03-03', 231.8);
insert into Item (ID_item, ID_library, ISBN, status, bought_date, cost) values (138, 14, 4, 2, '2015-01-08', 225.5);
insert into Item (ID_item, ID_library, ISBN, status, bought_date, cost) values (139, 3, 7, 3, '2000-08-24', 509.4);
insert into Item (ID_item, ID_library, ISBN, status, bought_date, cost) values (140, 2, 14, 1, '2003-12-21', 507.9);
insert into Item (ID_item, ID_library, ISBN, status, bought_date, cost) values (141, 8, 20, 2, '2011-12-17', 743.7);
insert into Item (ID_item, ID_library, ISBN, status, bought_date, cost) values (142, 15, 18, 1, '2012-03-31', 117.3);
insert into Item (ID_item, ID_library, ISBN, status, bought_date, cost) values (143, 5, 9, 2, '2012-08-05', 542.9);
insert into Item (ID_item, ID_library, ISBN, status, bought_date, cost) values (144, 8, 17, 3, '2013-05-07', 708.2);
insert into Item (ID_item, ID_library, ISBN, status, bought_date, cost) values (145, 20, 19, 1, '2004-08-25', 965.6);
insert into Item (ID_item, ID_library, ISBN, status, bought_date, cost) values (146, 7, 4, 3, '2020-04-23', 869.4);
insert into Item (ID_item, ID_library, ISBN, status, bought_date, cost) values (147, 10, 10, 3, '2003-04-03', 127.5);
insert into Item (ID_item, ID_library, ISBN, status, bought_date, cost) values (148, 19, 16, 3, '2017-03-01', 312.0);
insert into Item (ID_item, ID_library, ISBN, status, bought_date, cost) values (149, 12, 13, 1, '2014-10-07', 663.2);
insert into Item (ID_item, ID_library, ISBN, status, bought_date, cost) values (150, 17, 15, 3, '2014-06-07', 460.4);
insert into Item (ID_item, ID_library, ISBN, status, bought_date, cost) values (151, 3, 14, 2, '2014-05-20', 850.4);
insert into Item (ID_item, ID_library, ISBN, status, bought_date, cost) values (152, 2, 19, 2, '2002-05-26', 624.2);
insert into Item (ID_item, ID_library, ISBN, status, bought_date, cost) values (153, 18, 14, 2, '2019-02-04', 290.7);
insert into Item (ID_item, ID_library, ISBN, status, bought_date, cost) values (154, 16, 17, 2, '2019-08-03', 311.4);
insert into Item (ID_item, ID_library, ISBN, status, bought_date, cost) values (155, 10, 7, 1, '2010-05-11', 70.8);
insert into Item (ID_item, ID_library, ISBN, status, bought_date, cost) values (156, 18, 15, 1, '2003-11-23', 252.2);
insert into Item (ID_item, ID_library, ISBN, status, bought_date, cost) values (157, 7, 6, 2, '2018-05-16', 439.1);
insert into Item (ID_item, ID_library, ISBN, status, bought_date, cost) values (158, 12, 19, 2, '2017-03-30', 170.7);
insert into Item (ID_item, ID_library, ISBN, status, bought_date, cost) values (159, 16, 12, 2, '2010-02-20', 643.0);
insert into Item (ID_item, ID_library, ISBN, status, bought_date, cost) values (160, 12, 13, 1, '2001-07-21', 163.6);
insert into Item (ID_item, ID_library, ISBN, status, bought_date, cost) values (161, 8, 15, 1, '2002-02-14', 689.1);
insert into Item (ID_item, ID_library, ISBN, status, bought_date, cost) values (162, 6, 14, 1, '2009-09-09', 674.7);
insert into Item (ID_item, ID_library, ISBN, status, bought_date, cost) values (163, 2, 18, 2, '2005-07-06', 436.6);
insert into Item (ID_item, ID_library, ISBN, status, bought_date, cost) values (164, 17, 20, 3, '2002-03-09', 674.9);
insert into Item (ID_item, ID_library, ISBN, status, bought_date, cost) values (165, 15, 1, 3, '2007-11-07', 45.4);
insert into Item (ID_item, ID_library, ISBN, status, bought_date, cost) values (166, 16, 16, 3, '2013-03-30', 945.4);
insert into Item (ID_item, ID_library, ISBN, status, bought_date, cost) values (167, 15, 1, 3, '2008-07-09', 630.6);
insert into Item (ID_item, ID_library, ISBN, status, bought_date, cost) values (168, 14, 13, 1, '2003-08-14', 413.9);
insert into Item (ID_item, ID_library, ISBN, status, bought_date, cost) values (169, 13, 19, 2, '2017-01-20', 233.4);
insert into Item (ID_item, ID_library, ISBN, status, bought_date, cost) values (170, 10, 1, 1, '2020-05-24', 768.9);
insert into Item (ID_item, ID_library, ISBN, status, bought_date, cost) values (171, 8, 14, 1, '2015-01-05', 772.1);
insert into Item (ID_item, ID_library, ISBN, status, bought_date, cost) values (172, 12, 14, 2, '2001-04-01', 484.2);
insert into Item (ID_item, ID_library, ISBN, status, bought_date, cost) values (173, 3, 11, 2, '2017-05-28', 848.1);
insert into Item (ID_item, ID_library, ISBN, status, bought_date, cost) values (174, 11, 12, 2, '2003-07-14', 166.0);
insert into Item (ID_item, ID_library, ISBN, status, bought_date, cost) values (175, 19, 5, 1, '2005-06-15', 755.2);
insert into Item (ID_item, ID_library, ISBN, status, bought_date, cost) values (176, 7, 13, 2, '2019-09-01', 24.7);
insert into Item (ID_item, ID_library, ISBN, status, bought_date, cost) values (177, 4, 16, 1, '2007-11-21', 86.0);
insert into Item (ID_item, ID_library, ISBN, status, bought_date, cost) values (178, 19, 3, 3, '2008-08-09', 988.0);
insert into Item (ID_item, ID_library, ISBN, status, bought_date, cost) values (179, 2, 2, 2, '2002-01-25', 255.4);
insert into Item (ID_item, ID_library, ISBN, status, bought_date, cost) values (180, 10, 9, 2, '2011-01-12', 354.0);
insert into Item (ID_item, ID_library, ISBN, status, bought_date, cost) values (181, 2, 15, 1, '2011-06-19', 493.8);
insert into Item (ID_item, ID_library, ISBN, status, bought_date, cost) values (182, 8, 17, 1, '2019-07-03', 45.6);
insert into Item (ID_item, ID_library, ISBN, status, bought_date, cost) values (183, 6, 6, 2, '2004-08-23', 386.4);
insert into Item (ID_item, ID_library, ISBN, status, bought_date, cost) values (184, 6, 15, 1, '2018-08-29', 357.3);
insert into Item (ID_item, ID_library, ISBN, status, bought_date, cost) values (185, 11, 6, 2, '2012-11-16', 972.4);
insert into Item (ID_item, ID_library, ISBN, status, bought_date, cost) values (186, 13, 8, 3, '2007-06-27', 849.2);
insert into Item (ID_item, ID_library, ISBN, status, bought_date, cost) values (187, 15, 10, 3, '2008-04-28', 244.0);
insert into Item (ID_item, ID_library, ISBN, status, bought_date, cost) values (188, 19, 4, 2, '2013-06-28', 855.7);
insert into Item (ID_item, ID_library, ISBN, status, bought_date, cost) values (189, 8, 9, 2, '2008-12-04', 844.6);
insert into Item (ID_item, ID_library, ISBN, status, bought_date, cost) values (190, 15, 7, 1, '2008-12-07', 826.1);
insert into Item (ID_item, ID_library, ISBN, status, bought_date, cost) values (191, 7, 10, 1, '2015-01-17', 79.4);
insert into Item (ID_item, ID_library, ISBN, status, bought_date, cost) values (192, 10, 2, 2, '2014-03-04', 840.5);
insert into Item (ID_item, ID_library, ISBN, status, bought_date, cost) values (193, 7, 20, 3, '2001-01-03', 614.6);
insert into Item (ID_item, ID_library, ISBN, status, bought_date, cost) values (194, 8, 11, 1, '2016-09-13', 756.7);
insert into Item (ID_item, ID_library, ISBN, status, bought_date, cost) values (195, 4, 3, 2, '2002-03-11', 730.8);
insert into Item (ID_item, ID_library, ISBN, status, bought_date, cost) values (196, 20, 20, 3, '2004-08-04', 832.6);
insert into Item (ID_item, ID_library, ISBN, status, bought_date, cost) values (197, 1, 7, 3, '2000-08-24', 308.7);
insert into Item (ID_item, ID_library, ISBN, status, bought_date, cost) values (198, 19, 15, 1, '2008-04-13', 498.1);
insert into Item (ID_item, ID_library, ISBN, status, bought_date, cost) values (199, 20, 12, 2, '2018-10-21', 398.4);
insert into Item (ID_item, ID_library, ISBN, status, bought_date, cost) values (200, 2, 10, 1, '2016-03-26', 588.7);

insert into Member (ID_member, name, card_ID, address, penalty) values (1, 'Olivia Le Frank', 'A1456334', '766 Luster Trail', 0.0);
insert into Member (ID_member, name, card_ID, address, penalty) values (2, 'Evan Feaks', 'N9749532', '3499 High Crossing Road', 0.0);
insert into Member (ID_member, name, card_ID, address, penalty) values (3, 'Germana Guisler', 'C4502896', '24 Meadow Ridge Place', 0.0);
insert into Member (ID_member, name, card_ID, address, penalty) values (4, 'Wilden Kingsford', 'C4629495', '2210 Randy Park', 0.0);
insert into Member (ID_member, name, card_ID, address, penalty) values (5, 'Ram Bradder', 'X2637902', '6 Clemons Avenue', 0.0);
insert into Member (ID_member, name, card_ID, address, penalty) values (6, 'Alick Axten', 'G7817371', '8 Steensland Crossing', 0.0);
insert into Member (ID_member, name, card_ID, address, penalty) values (7, 'Renato Albury', 'T9692882', '72 Mesta Pass', 0.0);
insert into Member (ID_member, name, card_ID, address, penalty) values (8, 'Casey Grundwater', 'W8683326', '76821 Dahle Point', 0.0);
insert into Member (ID_member, name, card_ID, address, penalty) values (9, 'Frieda Tackett', 'Z8731353', '9110 American Ash Terrace', 0.0);
insert into Member (ID_member, name, card_ID, address, penalty) values (10, 'Rodger Vannah', 'O9229086', '90406 Dahle Court', 0.0);
insert into Member (ID_member, name, card_ID, address, penalty) values (11, 'Sigmund Scolding', 'C6804588', '16 Ryan Avenue', 0.0);
insert into Member (ID_member, name, card_ID, address, penalty) values (12, 'Joline Muzzi', 'P0211080', '83824 Washington Street', 0.0);
insert into Member (ID_member, name, card_ID, address, penalty) values (13, 'Marys Hendricks', 'E7420989', '088 Rigney Plaza', 0.0);
insert into Member (ID_member, name, card_ID, address, penalty) values (14, 'Sidney Clemmens', 'N7966092', '6752 Forest Run Plaza', 0.0);
insert into Member (ID_member, name, card_ID, address, penalty) values (15, 'Jonas Saura', 'T1589682', '27 Sullivan Center', 0.0);
insert into Member (ID_member, name, card_ID, address, penalty) values (16, 'Annabella Duffell', 'M2382946', '15229 Sullivan Hill', 0.0);
insert into Member (ID_member, name, card_ID, address, penalty) values (17, 'Rosita Epperson', 'V5231451', '15 Vidon Court', 0.0);
insert into Member (ID_member, name, card_ID, address, penalty) values (18, 'Gabrielle Kensley', 'B9662226', '051 Hollow Ridge Crossing', 0.0);
insert into Member (ID_member, name, card_ID, address, penalty) values (19, 'Delinda O''Hogertie', 'S3944014', '70 Twin Pines Avenue', 0.0);
insert into Member (ID_member, name, card_ID, address, penalty) values (20, 'Tedi Evetts', 'S6361197', '8384 Ludington Hill', 0.0);
insert into Member (ID_member, name, card_ID, address, penalty) values (21, 'Moshe Lovie', 'Z4292086', '744 Scott Circle', 0.0);
insert into Member (ID_member, name, card_ID, address, penalty) values (22, 'Dulcine Hawkeswood', 'P3432860', '7191 1st Junction', 0.0);
insert into Member (ID_member, name, card_ID, address, penalty) values (23, 'Dionisio Mummery', 'Y7456883', '318 Larry Center', 0.0);
insert into Member (ID_member, name, card_ID, address, penalty) values (24, 'Shela Fatscher', 'K3910803', '54 Pankratz Terrace', 0.0);
insert into Member (ID_member, name, card_ID, address, penalty) values (25, 'Jill Klimas', 'R5674118', '55 Merchant Junction', 0.0);
insert into Member (ID_member, name, card_ID, address, penalty) values (26, 'Kiersten Loyley', 'F3829388', '69045 Gateway Court', 0.0);
insert into Member (ID_member, name, card_ID, address, penalty) values (27, 'Corette Heditch', 'A2715056', '3 Hoepker Trail', 0.0);
insert into Member (ID_member, name, card_ID, address, penalty) values (28, 'Pauli Brewitt', 'D0607877', '70 Ridgeway Drive', 0.0);
insert into Member (ID_member, name, card_ID, address, penalty) values (29, 'Mar Vahl', 'H5856932', '7 Manufacturers Alley', 0.0);
insert into Member (ID_member, name, card_ID, address, penalty) values (30, 'Theobald Songist', 'U6140553', '55743 Karstens Lane', 0.0);
insert into Member (ID_member, name, card_ID, address, penalty) values (31, 'Ross Fenney', 'Y1961788', '53138 Arapahoe Drive', 0.0);
insert into Member (ID_member, name, card_ID, address, penalty) values (32, 'Berti Holtaway', 'U6333413', '43 Melvin Center', 0.0);
insert into Member (ID_member, name, card_ID, address, penalty) values (33, 'Oswald Egarr', 'C2248333', '1103 Green Ridge Point', 0.0);
insert into Member (ID_member, name, card_ID, address, penalty) values (34, 'Lanni Dacke', 'D7693580', '480 Portage Circle', 0.0);
insert into Member (ID_member, name, card_ID, address, penalty) values (35, 'Fae Stollenhof', 'B2257643', '25749 Rowland Lane', 0.0);
insert into Member (ID_member, name, card_ID, address, penalty) values (36, 'Phil Fleckno', 'R4508200', '4 Glendale Drive', 0.0);
insert into Member (ID_member, name, card_ID, address, penalty) values (37, 'Abba Heater', 'C5856705', '0541 Buena Vista Way', 0.0);
insert into Member (ID_member, name, card_ID, address, penalty) values (38, 'Val Wilfling', 'D2799855', '732 Goodland Parkway', 0.0);
insert into Member (ID_member, name, card_ID, address, penalty) values (39, 'Osmond Berdale', 'S5422508', '94271 Crescent Oaks Pass', 0.0);
insert into Member (ID_member, name, card_ID, address, penalty) values (40, 'Yolanthe Mourgue', 'N7255307', '7955 Toban Crossing', 0.0);
insert into Member (ID_member, name, card_ID, address, penalty) values (41, 'Tresa Marzele', 'S4502497', '004 Sutteridge Way', 0.0);
insert into Member (ID_member, name, card_ID, address, penalty) values (42, 'Jeromy McCarle', 'W3945477', '80463 Schmedeman Drive', 0.0);
insert into Member (ID_member, name, card_ID, address, penalty) values (43, 'Bailie Crookston', 'U3597381', '5 Fallview Parkway', 0.0);
insert into Member (ID_member, name, card_ID, address, penalty) values (44, 'Seline Lea', 'G3354514', '324 Birchwood Park', 0.0);
insert into Member (ID_member, name, card_ID, address, penalty) values (45, 'Gardiner Ditter', 'T7402011', '768 5th Drive', 0.0);
insert into Member (ID_member, name, card_ID, address, penalty) values (46, 'Hogan Dachey', 'I7070248', '74 Fair Oaks Place', 0.0);
insert into Member (ID_member, name, card_ID, address, penalty) values (47, 'Lydie Haliday', 'Y8921601', '5815 Crowley Parkway', 0.0);
insert into Member (ID_member, name, card_ID, address, penalty) values (48, 'Baldwin Chue', 'T8196144', '438 Elmside Plaza', 0.0);
insert into Member (ID_member, name, card_ID, address, penalty) values (49, 'Alfie Josovich', 'H8239907', '02 Moulton Terrace', 0.0);
insert into Member (ID_member, name, card_ID, address, penalty) values (50, 'Tarrance Vivian', 'S7462294', '9 Carey Lane', 0.0);
insert into Member (ID_member, name, card_ID, address, penalty) values (51, 'Niven Joesbury', 'G8430935', '9254 Scofield Court', 0.0);
insert into Member (ID_member, name, card_ID, address, penalty) values (52, 'Annora Fyall', 'D0358690', '0308 Washington Pass', 0.0);
insert into Member (ID_member, name, card_ID, address, penalty) values (53, 'Ferdinand Tuckley', 'I3172023', '96231 Algoma Road', 0.0);
insert into Member (ID_member, name, card_ID, address, penalty) values (54, 'Avivah Hakes', 'A4266657', '850 Roxbury Street', 0.0);
insert into Member (ID_member, name, card_ID, address, penalty) values (55, 'Leo Bloyes', 'S4208524', '0903 Garrison Street', 0.0);
insert into Member (ID_member, name, card_ID, address, penalty) values (56, 'Jarvis Letixier', 'R0169175', '49 Barby Pass', 0.0);
insert into Member (ID_member, name, card_ID, address, penalty) values (57, 'Agnola Cartan', 'B6741952', '99 Anhalt Lane', 0.0);
insert into Member (ID_member, name, card_ID, address, penalty) values (58, 'Esra Brownhall', 'C9805005', '4 Welch Road', 0.0);
insert into Member (ID_member, name, card_ID, address, penalty) values (59, 'Chen Imore', 'E2633009', '20668 Johnson Parkway', 0.0);
insert into Member (ID_member, name, card_ID, address, penalty) values (60, 'Lavinie Pauleau', 'U5642921', '66 Lyons Street', 0.0);

insert into Slot (ID_slot, ID_member, ID_Item, borrow_date, return_date) values (1, 1, 1, '2020-11-04', '2020-11-24');
insert into Slot (ID_slot, ID_member, ID_Item, borrow_date, return_date) values (1, 2, 2, '2020-11-10', '2020-11-16');
insert into Slot (ID_slot, ID_member, ID_Item, borrow_date, return_date) values (1, 3, 3, '2020-11-07', '2020-11-23');
insert into Slot (ID_slot, ID_member, ID_Item, borrow_date, return_date) values (1, 4, 4, '2020-11-03', '2020-11-15');
insert into Slot (ID_slot, ID_member, ID_Item, borrow_date, return_date) values (1, 5, 5, '2020-11-05', '2020-11-21');
insert into Slot (ID_slot, ID_member, ID_Item, borrow_date, return_date) values (1, 6, 6, '2020-11-13', '2020-11-17');
insert into Slot (ID_slot, ID_member, ID_Item, borrow_date, return_date) values (1, 7, 7, '2020-11-07', '2020-11-25');
insert into Slot (ID_slot, ID_member, ID_Item, borrow_date, return_date) values (1, 8, 8, '2020-11-06', '2020-11-24');
insert into Slot (ID_slot, ID_member, ID_Item, borrow_date, return_date) values (1, 9, 9, '2020-11-10', '2020-11-16');
insert into Slot (ID_slot, ID_member, ID_Item, borrow_date, return_date) values (1, 10, 10, '2020-11-10', '2020-11-21');
insert into Slot (ID_slot, ID_member, ID_Item, borrow_date, return_date) values (1, 11, 11, '2020-11-02', '2020-11-23');
insert into Slot (ID_slot, ID_member, ID_Item, borrow_date, return_date) values (1, 12, 12, '2020-11-01', '2020-11-22');
insert into Slot (ID_slot, ID_member, ID_Item, borrow_date, return_date) values (1, 13, 13, '2020-11-13', '2020-11-26');
insert into Slot (ID_slot, ID_member, ID_Item, borrow_date, return_date) values (1, 14, 14, '2020-11-02', '2020-11-16');
insert into Slot (ID_slot, ID_member, ID_Item, borrow_date, return_date) values (1, 15, 15, '2020-11-06', '2020-11-16');
insert into Slot (ID_slot, ID_member, ID_Item, borrow_date, return_date) values (1, 16, 16, '2020-11-06', '2020-11-20');
insert into Slot (ID_slot, ID_member, ID_Item, borrow_date, return_date) values (1, 17, 17, '2020-11-02', '2020-11-18');
insert into Slot (ID_slot, ID_member, ID_Item, borrow_date, return_date) values (1, 18, 18, '2020-11-02', '2020-11-25');
insert into Slot (ID_slot, ID_member, ID_Item, borrow_date, return_date) values (1, 19, 19, '2020-11-10', '2020-11-17');
insert into Slot (ID_slot, ID_member, ID_Item, borrow_date, return_date) values (1, 20, 20, '2020-11-09', '2020-11-21');
insert into Slot (ID_slot, ID_member, ID_Item, borrow_date, return_date) values (1, 21, 21, '2020-11-01', '2020-11-21');
insert into Slot (ID_slot, ID_member, ID_Item, borrow_date, return_date) values (1, 22, 22, '2020-11-10', '2020-11-17');
insert into Slot (ID_slot, ID_member, ID_Item, borrow_date, return_date) values (1, 23, 23, '2020-11-09', '2020-11-25');
insert into Slot (ID_slot, ID_member, ID_Item, borrow_date, return_date) values (1, 24, 24, '2020-11-11', '2020-11-19');
insert into Slot (ID_slot, ID_member, ID_Item, borrow_date, return_date) values (1, 25, 25, '2020-11-12', '2020-11-22');
insert into Slot (ID_slot, ID_member, ID_Item, borrow_date, return_date) values (1, 26, 26, '2020-11-07', '2020-11-25');
insert into Slot (ID_slot, ID_member, ID_Item, borrow_date, return_date) values (1, 27, 27, '2020-11-11', '2020-11-16');
insert into Slot (ID_slot, ID_member, ID_Item, borrow_date, return_date) values (1, 28, 28, '2020-11-06', '2020-11-26');
insert into Slot (ID_slot, ID_member, ID_Item, borrow_date, return_date) values (1, 29, 29, '2020-11-10', '2020-11-21');
insert into Slot (ID_slot, ID_member, ID_Item, borrow_date, return_date) values (1, 30, 30, '2020-11-12', '2020-11-15');
insert into Slot (ID_slot, ID_member, ID_Item, borrow_date, return_date) values (1, 31, 31, '2020-11-03', '2020-11-19');
insert into Slot (ID_slot, ID_member, ID_Item, borrow_date, return_date) values (1, 32, 32, '2020-11-06', '2020-11-19');
insert into Slot (ID_slot, ID_member, ID_Item, borrow_date, return_date) values (1, 33, 33, '2020-11-03', '2020-11-18');
insert into Slot (ID_slot, ID_member, ID_Item, borrow_date, return_date) values (1, 34, 34, '2020-11-02', '2020-11-16');
insert into Slot (ID_slot, ID_member, ID_Item, borrow_date, return_date) values (1, 35, 35, '2020-11-10', '2020-11-15');
insert into Slot (ID_slot, ID_member, ID_Item, borrow_date, return_date) values (1, 36, 36, '2020-11-06', '2020-11-15');
insert into Slot (ID_slot, ID_member, ID_Item, borrow_date, return_date) values (1, 37, 37, '2020-11-11', '2020-11-25');
insert into Slot (ID_slot, ID_member, ID_Item, borrow_date, return_date) values (1, 38, 38, '2020-11-07', '2020-11-26');
insert into Slot (ID_slot, ID_member, ID_Item, borrow_date, return_date) values (1, 39, 39, '2020-11-03', '2020-11-20');
insert into Slot (ID_slot, ID_member, ID_Item, borrow_date, return_date) values (1, 40, 40, '2020-11-07', '2020-11-19');
insert into Slot (ID_slot, ID_member, ID_Item, borrow_date, return_date) values (1, 41, 41, '2020-11-13', '2020-11-25');
insert into Slot (ID_slot, ID_member, ID_Item, borrow_date, return_date) values (1, 42, 42, '2020-11-01', '2020-11-19');
insert into Slot (ID_slot, ID_member, ID_Item, borrow_date, return_date) values (1, 43, 43, '2020-11-02', '2020-11-16');
insert into Slot (ID_slot, ID_member, ID_Item, borrow_date, return_date) values (1, 44, 44, '2020-11-07', '2020-11-25');
insert into Slot (ID_slot, ID_member, ID_Item, borrow_date, return_date) values (1, 45, 45, '2020-11-10', '2020-11-18');
insert into Slot (ID_slot, ID_member, ID_Item, borrow_date, return_date) values (1, 46, 46, '2020-11-04', '2020-11-21');
insert into Slot (ID_slot, ID_member, ID_Item, borrow_date, return_date) values (1, 47, 47, '2020-11-07', '2020-11-16');
insert into Slot (ID_slot, ID_member, ID_Item, borrow_date, return_date) values (1, 48, 48, '2020-11-13', '2020-11-20');
insert into Slot (ID_slot, ID_member, ID_Item, borrow_date, return_date) values (1, 49, 49, '2020-11-13', '2020-11-24');
insert into Slot (ID_slot, ID_member, ID_Item, borrow_date, return_date) values (1, 50, 50, '2020-11-13', '2020-11-26');
insert into Slot (ID_slot, ID_member, ID_Item, borrow_date, return_date) values (2, 1, 53, '2020-11-05', '2020-11-23');
insert into Slot (ID_slot, ID_member, ID_Item, borrow_date, return_date) values (2, 2, 54, '2020-11-06', '2020-11-15');
insert into Slot (ID_slot, ID_member, ID_Item, borrow_date, return_date) values (2, 3, 55, '2020-11-04', '2020-11-15');
insert into Slot (ID_slot, ID_member, ID_Item, borrow_date, return_date) values (2, 4, 56, '2020-11-03', '2020-11-22');
insert into Slot (ID_slot, ID_member, ID_Item, borrow_date, return_date) values (2, 5, 57, '2020-11-04', '2020-11-16');
insert into Slot (ID_slot, ID_member, ID_Item, borrow_date, return_date) values (2, 6, 58, '2020-11-06', '2020-11-25');
insert into Slot (ID_slot, ID_member, ID_Item, borrow_date, return_date) values (2, 7, 59, '2020-11-06', '2020-11-18');
insert into Slot (ID_slot, ID_member, ID_Item, borrow_date, return_date) values (2, 8, 60, '2020-11-06', '2020-11-22');
insert into Slot (ID_slot, ID_member, ID_Item, borrow_date, return_date) values (2, 9, 61, '2020-11-03', '2020-11-25');
insert into Slot (ID_slot, ID_member, ID_Item, borrow_date, return_date) values (2, 10, 62, '2020-11-01', '2020-11-25');
insert into Slot (ID_slot, ID_member, ID_Item, borrow_date, return_date) values (2, 11, 63, '2020-11-08', '2020-11-22');
insert into Slot (ID_slot, ID_member, ID_Item, borrow_date, return_date) values (2, 12, 64, '2020-11-03', '2020-11-21');
insert into Slot (ID_slot, ID_member, ID_Item, borrow_date, return_date) values (2, 13, 65, '2020-11-04', '2020-11-17');
insert into Slot (ID_slot, ID_member, ID_Item, borrow_date, return_date) values (2, 14, 66, '2020-11-07', '2020-11-24');
insert into Slot (ID_slot, ID_member, ID_Item, borrow_date, return_date) values (2, 15, 67, '2020-11-04', '2020-11-19');
insert into Slot (ID_slot, ID_member, ID_Item, borrow_date, return_date) values (2, 16, 68, '2020-11-13', '2020-11-16');
insert into Slot (ID_slot, ID_member, ID_Item, borrow_date, return_date) values (2, 17, 69, '2020-11-06', '2020-11-21');
insert into Slot (ID_slot, ID_member, ID_Item, borrow_date, return_date) values (2, 18, 70, '2020-11-06', '2020-11-16');
insert into Slot (ID_slot, ID_member, ID_Item, borrow_date, return_date) values (2, 19, 71, '2020-11-11', '2020-11-23');
insert into Slot (ID_slot, ID_member, ID_Item, borrow_date, return_date) values (2, 20, 72, '2020-11-02', '2020-11-18');
insert into Slot (ID_slot, ID_member, ID_Item, borrow_date, return_date) values (2, 21, 73, '2020-11-01', '2020-11-23');
insert into Slot (ID_slot, ID_member, ID_Item, borrow_date, return_date) values (2, 22, 74, '2020-11-08', '2020-11-22');
insert into Slot (ID_slot, ID_member, ID_Item, borrow_date, return_date) values (2, 23, 75, '2020-11-12', '2020-11-26');
insert into Slot (ID_slot, ID_member, ID_Item, borrow_date, return_date) values (2, 24, 76, '2020-11-04', '2020-11-15');
insert into Slot (ID_slot, ID_member, ID_Item, borrow_date, return_date) values (2, 25, 77, '2020-11-05', '2020-11-17');
insert into Slot (ID_slot, ID_member, ID_Item, borrow_date, return_date) values (2, 26, 78, '2020-11-06', '2020-11-22');
insert into Slot (ID_slot, ID_member, ID_Item, borrow_date, return_date) values (2, 27, 79, '2020-11-09', '2020-11-18');
insert into Slot (ID_slot, ID_member, ID_Item, borrow_date, return_date) values (2, 28, 80, '2020-11-04', '2020-11-21');
insert into Slot (ID_slot, ID_member, ID_Item, borrow_date, return_date) values (2, 29, 81, '2020-11-02', '2020-11-25');
insert into Slot (ID_slot, ID_member, ID_Item, borrow_date, return_date) values (2, 30, 82, '2020-11-01', '2020-11-19');
insert into Slot (ID_slot, ID_member, ID_Item, borrow_date, return_date) values (2, 31, 83, '2020-11-03', '2020-11-17');
insert into Slot (ID_slot, ID_member, ID_Item, borrow_date, return_date) values (2, 32, 84, '2020-11-08', '2020-11-21');
insert into Slot (ID_slot, ID_member, ID_Item, borrow_date, return_date) values (2, 33, 85, '2020-11-03', '2020-11-18');
insert into Slot (ID_slot, ID_member, ID_Item, borrow_date, return_date) values (2, 34, 86, '2020-11-02', '2020-11-17');
insert into Slot (ID_slot, ID_member, ID_Item, borrow_date, return_date) values (2, 35, 87, '2020-11-08', '2020-11-26');
insert into Slot (ID_slot, ID_member, ID_Item, borrow_date, return_date) values (2, 36, 88, '2020-11-03', '2020-11-21');
insert into Slot (ID_slot, ID_member, ID_Item, borrow_date, return_date) values (2, 37, 89, '2020-11-10', '2020-11-15');
insert into Slot (ID_slot, ID_member, ID_Item, borrow_date, return_date) values (2, 38, 90, '2020-11-05', '2020-11-24');
insert into Slot (ID_slot, ID_member, ID_Item, borrow_date, return_date) values (2, 39, 91, '2020-11-01', '2020-11-20');
insert into Slot (ID_slot, ID_member, ID_Item, borrow_date, return_date) values (2, 40, 92, '2020-11-07', '2020-11-22');
insert into Slot (ID_slot, ID_member, ID_Item, borrow_date, return_date) values (3, 1, 101, '2020-11-04', '2020-11-21');
insert into Slot (ID_slot, ID_member, ID_Item, borrow_date, return_date) values (3, 2, 102, '2020-11-01', '2020-11-21');
insert into Slot (ID_slot, ID_member, ID_Item, borrow_date, return_date) values (3, 3, 103, '2020-11-01', '2020-11-18');
insert into Slot (ID_slot, ID_member, ID_Item, borrow_date, return_date) values (3, 4, 104, '2020-11-11', '2020-11-24');
insert into Slot (ID_slot, ID_member, ID_Item, borrow_date, return_date) values (3, 5, 105, '2020-11-07', '2020-11-20');
insert into Slot (ID_slot, ID_member, ID_Item, borrow_date, return_date) values (3, 6, 106, '2020-11-12', '2020-11-22');
insert into Slot (ID_slot, ID_member, ID_Item, borrow_date, return_date) values (3, 7, 107, '2020-11-08', '2020-11-18');
insert into Slot (ID_slot, ID_member, ID_Item, borrow_date, return_date) values (3, 8, 108, '2020-11-02', '2020-11-16');
insert into Slot (ID_slot, ID_member, ID_Item, borrow_date, return_date) values (3, 9, 109, '2020-11-10', '2020-11-21');
insert into Slot (ID_slot, ID_member, ID_Item, borrow_date, return_date) values (3, 10, 110, '2020-11-03', '2020-11-22');
insert into Slot (ID_slot, ID_member, ID_Item, borrow_date, return_date) values (3, 11, 111, '2020-11-04', '2020-11-15');
insert into Slot (ID_slot, ID_member, ID_Item, borrow_date, return_date) values (3, 12, 112, '2020-11-01', '2020-11-24');
insert into Slot (ID_slot, ID_member, ID_Item, borrow_date, return_date) values (3, 13, 113, '2020-11-04', '2020-11-24');
insert into Slot (ID_slot, ID_member, ID_Item, borrow_date, return_date) values (3, 14, 114, '2020-11-08', '2020-11-16');
insert into Slot (ID_slot, ID_member, ID_Item, borrow_date, return_date) values (3, 15, 115, '2020-11-06', '2020-11-21');
insert into Slot (ID_slot, ID_member, ID_Item, borrow_date, return_date) values (3, 16, 116, '2020-11-04', '2020-11-22');
insert into Slot (ID_slot, ID_member, ID_Item, borrow_date, return_date) values (3, 17, 117, '2020-11-03', '2020-11-25');
insert into Slot (ID_slot, ID_member, ID_Item, borrow_date, return_date) values (3, 18, 118, '2020-11-03', '2020-11-25');
insert into Slot (ID_slot, ID_member, ID_Item, borrow_date, return_date) values (3, 19, 119, '2020-11-13', '2020-11-25');
insert into Slot (ID_slot, ID_member, ID_Item, borrow_date, return_date) values (3, 20, 120, '2020-11-13', '2020-11-24');
insert into Slot (ID_slot, ID_member, ID_Item, borrow_date, return_date) values (3, 21, 121, '2020-11-02', '2020-11-19');
insert into Slot (ID_slot, ID_member, ID_Item, borrow_date, return_date) values (3, 22, 122, '2020-11-11', '2020-11-23');
insert into Slot (ID_slot, ID_member, ID_Item, borrow_date, return_date) values (3, 23, 123, '2020-11-07', '2020-11-16');
insert into Slot (ID_slot, ID_member, ID_Item, borrow_date, return_date) values (3, 24, 124, '2020-11-08', '2020-11-20');
insert into Slot (ID_slot, ID_member, ID_Item, borrow_date, return_date) values (3, 25, 125, '2020-11-01', '2020-11-20');
insert into Slot (ID_slot, ID_member, ID_Item, borrow_date, return_date) values (4, 1, 126, '2020-11-09', '2020-11-15');
insert into Slot (ID_slot, ID_member, ID_Item, borrow_date, return_date) values (4, 2, 127, '2020-11-01', '2020-11-18');
insert into Slot (ID_slot, ID_member, ID_Item, borrow_date, return_date) values (4, 3, 128, '2020-11-11', '2020-11-16');
insert into Slot (ID_slot, ID_member, ID_Item, borrow_date, return_date) values (4, 4, 129, '2020-11-01', '2020-11-24');
insert into Slot (ID_slot, ID_member, ID_Item, borrow_date, return_date) values (4, 5, 130, '2020-11-10', '2020-11-25');
insert into Slot (ID_slot, ID_member, ID_Item, borrow_date, return_date) values (4, 6, 131, '2020-11-08', '2020-11-23');
insert into Slot (ID_slot, ID_member, ID_Item, borrow_date, return_date) values (4, 7, 132, '2020-11-12', '2020-11-16');
insert into Slot (ID_slot, ID_member, ID_Item, borrow_date, return_date) values (4, 8, 133, '2020-11-11', '2020-11-16');
insert into Slot (ID_slot, ID_member, ID_Item, borrow_date, return_date) values (4, 9, 134, '2020-11-03', '2020-11-16');
insert into Slot (ID_slot, ID_member, ID_Item, borrow_date, return_date) values (4, 10, 135, '2020-11-07', '2020-11-24');
insert into Slot (ID_slot, ID_member, ID_Item, borrow_date, return_date) values (4, 11, 136, '2020-11-10', '2020-11-16');
insert into Slot (ID_slot, ID_member, ID_Item, borrow_date, return_date) values (4, 12, 137, '2020-11-11', '2020-11-15');
insert into Slot (ID_slot, ID_member, ID_Item, borrow_date, return_date) values (4, 13, 138, '2020-11-01', '2020-11-24');
insert into Slot (ID_slot, ID_member, ID_Item, borrow_date, return_date) values (4, 14, 139, '2020-11-13', '2020-11-18');
insert into Slot (ID_slot, ID_member, ID_Item, borrow_date, return_date) values (4, 15, 140, '2020-11-11', '2020-11-25');
insert into Slot (ID_slot, ID_member, ID_Item, borrow_date, return_date) values (5, 1, 151, '2020-11-10', '2020-11-18');
insert into Slot (ID_slot, ID_member, ID_Item, borrow_date, return_date) values (5, 2, 152, '2020-11-12', '2020-11-16');
insert into Slot (ID_slot, ID_member, ID_Item, borrow_date, return_date) values (5, 3, 153, '2020-11-05', '2020-11-23');
insert into Slot (ID_slot, ID_member, ID_Item, borrow_date, return_date) values (5, 4, 154, '2020-11-12', '2020-11-22');
insert into Slot (ID_slot, ID_member, ID_Item, borrow_date, return_date) values (5, 5, 155, '2020-11-08', '2020-11-21');
insert into Slot (ID_slot, ID_member, ID_Item, borrow_date, return_date) values (5, 6, 156, '2020-11-05', '2020-11-23');
insert into Slot (ID_slot, ID_member, ID_Item, borrow_date, return_date) values (5, 7, 157, '2020-11-12', '2020-11-20');
insert into Slot (ID_slot, ID_member, ID_Item, borrow_date, return_date) values (5, 8, 158, '2020-11-12', '2020-11-25');
insert into Slot (ID_slot, ID_member, ID_Item, borrow_date, return_date) values (6, 1, 176, '2020-11-08', '2020-11-21');
insert into Slot (ID_slot, ID_member, ID_Item, borrow_date, return_date) values (6, 2, 177, '2020-11-13', '2020-11-24');
insert into Slot (ID_slot, ID_member, ID_Item, borrow_date, return_date) values (6, 3, 178, '2020-11-07', '2020-11-15');
insert into Slot (ID_slot, ID_member) values (1, 51);
insert into Slot (ID_slot, ID_member) values (1, 52);
insert into Slot (ID_slot, ID_member) values (1, 53);
insert into Slot (ID_slot, ID_member) values (1, 54);
insert into Slot (ID_slot, ID_member) values (1, 55);
insert into Slot (ID_slot, ID_member) values (1, 56);
insert into Slot (ID_slot, ID_member) values (1, 57);
insert into Slot (ID_slot, ID_member) values (1, 58);
insert into Slot (ID_slot, ID_member) values (1, 59);
insert into Slot (ID_slot, ID_member) values (1, 60);
insert into Slot (ID_slot, ID_member) values (2, 41);
insert into Slot (ID_slot, ID_member) values (2, 42);
insert into Slot (ID_slot, ID_member) values (2, 43);
insert into Slot (ID_slot, ID_member) values (2, 44);
insert into Slot (ID_slot, ID_member) values (2, 45);
insert into Slot (ID_slot, ID_member) values (2, 46);
insert into Slot (ID_slot, ID_member) values (2, 47);
insert into Slot (ID_slot, ID_member) values (2, 48);
insert into Slot (ID_slot, ID_member) values (2, 49);
insert into Slot (ID_slot, ID_member) values (2, 50);
insert into Slot (ID_slot, ID_member) values (2, 51);
insert into Slot (ID_slot, ID_member) values (2, 52);
insert into Slot (ID_slot, ID_member) values (2, 53);
insert into Slot (ID_slot, ID_member) values (2, 54);
insert into Slot (ID_slot, ID_member) values (2, 55);
insert into Slot (ID_slot, ID_member) values (2, 56);
insert into Slot (ID_slot, ID_member) values (2, 57);
insert into Slot (ID_slot, ID_member) values (2, 58);
insert into Slot (ID_slot, ID_member) values (2, 59);
insert into Slot (ID_slot, ID_member) values (2, 60);
insert into Slot (ID_slot, ID_member) values (3, 26);
insert into Slot (ID_slot, ID_member) values (3, 27);
insert into Slot (ID_slot, ID_member) values (3, 28);
insert into Slot (ID_slot, ID_member) values (3, 29);
insert into Slot (ID_slot, ID_member) values (3, 30);
insert into Slot (ID_slot, ID_member) values (3, 31);
insert into Slot (ID_slot, ID_member) values (3, 32);
insert into Slot (ID_slot, ID_member) values (3, 33);
insert into Slot (ID_slot, ID_member) values (3, 34);
insert into Slot (ID_slot, ID_member) values (3, 35);
insert into Slot (ID_slot, ID_member) values (3, 36);
insert into Slot (ID_slot, ID_member) values (3, 37);
insert into Slot (ID_slot, ID_member) values (3, 38);
insert into Slot (ID_slot, ID_member) values (3, 39);
insert into Slot (ID_slot, ID_member) values (3, 40);
insert into Slot (ID_slot, ID_member) values (3, 41);
insert into Slot (ID_slot, ID_member) values (3, 42);
insert into Slot (ID_slot, ID_member) values (3, 43);
insert into Slot (ID_slot, ID_member) values (3, 44);
insert into Slot (ID_slot, ID_member) values (3, 45);
insert into Slot (ID_slot, ID_member) values (3, 46);
insert into Slot (ID_slot, ID_member) values (3, 47);
insert into Slot (ID_slot, ID_member) values (3, 48);
insert into Slot (ID_slot, ID_member) values (3, 49);
insert into Slot (ID_slot, ID_member) values (3, 50);
insert into Slot (ID_slot, ID_member) values (3, 51);
insert into Slot (ID_slot, ID_member) values (3, 52);
insert into Slot (ID_slot, ID_member) values (3, 53);
insert into Slot (ID_slot, ID_member) values (3, 54);
insert into Slot (ID_slot, ID_member) values (3, 55);
insert into Slot (ID_slot, ID_member) values (3, 56);
insert into Slot (ID_slot, ID_member) values (3, 57);
insert into Slot (ID_slot, ID_member) values (3, 58);
insert into Slot (ID_slot, ID_member) values (3, 59);
insert into Slot (ID_slot, ID_member) values (3, 60);
insert into Slot (ID_slot, ID_member) values (4, 16);
insert into Slot (ID_slot, ID_member) values (4, 17);
insert into Slot (ID_slot, ID_member) values (4, 18);
insert into Slot (ID_slot, ID_member) values (4, 19);
insert into Slot (ID_slot, ID_member) values (4, 20);
insert into Slot (ID_slot, ID_member) values (4, 21);
insert into Slot (ID_slot, ID_member) values (4, 22);
insert into Slot (ID_slot, ID_member) values (4, 23);
insert into Slot (ID_slot, ID_member) values (4, 24);
insert into Slot (ID_slot, ID_member) values (4, 25);
insert into Slot (ID_slot, ID_member) values (4, 26);
insert into Slot (ID_slot, ID_member) values (4, 27);
insert into Slot (ID_slot, ID_member) values (4, 28);
insert into Slot (ID_slot, ID_member) values (4, 29);
insert into Slot (ID_slot, ID_member) values (4, 30);
insert into Slot (ID_slot, ID_member) values (4, 31);
insert into Slot (ID_slot, ID_member) values (4, 32);
insert into Slot (ID_slot, ID_member) values (4, 33);
insert into Slot (ID_slot, ID_member) values (4, 34);
insert into Slot (ID_slot, ID_member) values (4, 35);
insert into Slot (ID_slot, ID_member) values (4, 36);
insert into Slot (ID_slot, ID_member) values (4, 37);
insert into Slot (ID_slot, ID_member) values (4, 38);
insert into Slot (ID_slot, ID_member) values (4, 39);
insert into Slot (ID_slot, ID_member) values (4, 40);
insert into Slot (ID_slot, ID_member) values (4, 41);
insert into Slot (ID_slot, ID_member) values (4, 42);
insert into Slot (ID_slot, ID_member) values (4, 43);
insert into Slot (ID_slot, ID_member) values (4, 44);
insert into Slot (ID_slot, ID_member) values (4, 45);
insert into Slot (ID_slot, ID_member) values (4, 46);
insert into Slot (ID_slot, ID_member) values (4, 47);
insert into Slot (ID_slot, ID_member) values (4, 48);
insert into Slot (ID_slot, ID_member) values (4, 49);
insert into Slot (ID_slot, ID_member) values (4, 50);
insert into Slot (ID_slot, ID_member) values (4, 51);
insert into Slot (ID_slot, ID_member) values (4, 52);
insert into Slot (ID_slot, ID_member) values (4, 53);
insert into Slot (ID_slot, ID_member) values (4, 54);
insert into Slot (ID_slot, ID_member) values (4, 55);
insert into Slot (ID_slot, ID_member) values (4, 56);
insert into Slot (ID_slot, ID_member) values (4, 57);
insert into Slot (ID_slot, ID_member) values (4, 58);
insert into Slot (ID_slot, ID_member) values (4, 59);
insert into Slot (ID_slot, ID_member) values (4, 60);
insert into Slot (ID_slot, ID_member) values (5, 9);
insert into Slot (ID_slot, ID_member) values (5, 10);
insert into Slot (ID_slot, ID_member) values (5, 11);
insert into Slot (ID_slot, ID_member) values (5, 12);
insert into Slot (ID_slot, ID_member) values (5, 13);
insert into Slot (ID_slot, ID_member) values (5, 14);
insert into Slot (ID_slot, ID_member) values (5, 15);
insert into Slot (ID_slot, ID_member) values (5, 16);
insert into Slot (ID_slot, ID_member) values (5, 17);
insert into Slot (ID_slot, ID_member) values (5, 18);
insert into Slot (ID_slot, ID_member) values (5, 19);
insert into Slot (ID_slot, ID_member) values (5, 20);
insert into Slot (ID_slot, ID_member) values (5, 21);
insert into Slot (ID_slot, ID_member) values (5, 22);
insert into Slot (ID_slot, ID_member) values (5, 23);
insert into Slot (ID_slot, ID_member) values (5, 24);
insert into Slot (ID_slot, ID_member) values (5, 25);
insert into Slot (ID_slot, ID_member) values (5, 26);
insert into Slot (ID_slot, ID_member) values (5, 27);
insert into Slot (ID_slot, ID_member) values (5, 28);
insert into Slot (ID_slot, ID_member) values (5, 29);
insert into Slot (ID_slot, ID_member) values (5, 30);
insert into Slot (ID_slot, ID_member) values (5, 31);
insert into Slot (ID_slot, ID_member) values (5, 32);
insert into Slot (ID_slot, ID_member) values (5, 33);
insert into Slot (ID_slot, ID_member) values (5, 34);
insert into Slot (ID_slot, ID_member) values (5, 35);
insert into Slot (ID_slot, ID_member) values (5, 36);
insert into Slot (ID_slot, ID_member) values (5, 37);
insert into Slot (ID_slot, ID_member) values (5, 38);
insert into Slot (ID_slot, ID_member) values (5, 39);
insert into Slot (ID_slot, ID_member) values (5, 40);
insert into Slot (ID_slot, ID_member) values (5, 41);
insert into Slot (ID_slot, ID_member) values (5, 42);
insert into Slot (ID_slot, ID_member) values (5, 43);
insert into Slot (ID_slot, ID_member) values (5, 44);
insert into Slot (ID_slot, ID_member) values (5, 45);
insert into Slot (ID_slot, ID_member) values (5, 46);
insert into Slot (ID_slot, ID_member) values (5, 47);
insert into Slot (ID_slot, ID_member) values (5, 48);
insert into Slot (ID_slot, ID_member) values (5, 49);
insert into Slot (ID_slot, ID_member) values (5, 50);
insert into Slot (ID_slot, ID_member) values (5, 51);
insert into Slot (ID_slot, ID_member) values (5, 52);
insert into Slot (ID_slot, ID_member) values (5, 53);
insert into Slot (ID_slot, ID_member) values (5, 54);
insert into Slot (ID_slot, ID_member) values (5, 55);
insert into Slot (ID_slot, ID_member) values (5, 56);
insert into Slot (ID_slot, ID_member) values (5, 57);
insert into Slot (ID_slot, ID_member) values (5, 58);
insert into Slot (ID_slot, ID_member) values (5, 59);
insert into Slot (ID_slot, ID_member) values (5, 60);
insert into Slot (ID_slot, ID_member) values (6, 4);
insert into Slot (ID_slot, ID_member) values (6, 5);
insert into Slot (ID_slot, ID_member) values (6, 6);
insert into Slot (ID_slot, ID_member) values (6, 7);
insert into Slot (ID_slot, ID_member) values (6, 8);
insert into Slot (ID_slot, ID_member) values (6, 9);
insert into Slot (ID_slot, ID_member) values (6, 10);
insert into Slot (ID_slot, ID_member) values (6, 11);
insert into Slot (ID_slot, ID_member) values (6, 12);
insert into Slot (ID_slot, ID_member) values (6, 13);
insert into Slot (ID_slot, ID_member) values (6, 14);
insert into Slot (ID_slot, ID_member) values (6, 15);
insert into Slot (ID_slot, ID_member) values (6, 16);
insert into Slot (ID_slot, ID_member) values (6, 17);
insert into Slot (ID_slot, ID_member) values (6, 18);
insert into Slot (ID_slot, ID_member) values (6, 19);
insert into Slot (ID_slot, ID_member) values (6, 20);
insert into Slot (ID_slot, ID_member) values (6, 21);
insert into Slot (ID_slot, ID_member) values (6, 22);
insert into Slot (ID_slot, ID_member) values (6, 23);
insert into Slot (ID_slot, ID_member) values (6, 24);
insert into Slot (ID_slot, ID_member) values (6, 25);
insert into Slot (ID_slot, ID_member) values (6, 26);
insert into Slot (ID_slot, ID_member) values (6, 27);
insert into Slot (ID_slot, ID_member) values (6, 28);
insert into Slot (ID_slot, ID_member) values (6, 29);
insert into Slot (ID_slot, ID_member) values (6, 30);
insert into Slot (ID_slot, ID_member) values (6, 31);
insert into Slot (ID_slot, ID_member) values (6, 32);
insert into Slot (ID_slot, ID_member) values (6, 33);
insert into Slot (ID_slot, ID_member) values (6, 34);
insert into Slot (ID_slot, ID_member) values (6, 35);
insert into Slot (ID_slot, ID_member) values (6, 36);
insert into Slot (ID_slot, ID_member) values (6, 37);
insert into Slot (ID_slot, ID_member) values (6, 38);
insert into Slot (ID_slot, ID_member) values (6, 39);
insert into Slot (ID_slot, ID_member) values (6, 40);
insert into Slot (ID_slot, ID_member) values (6, 41);
insert into Slot (ID_slot, ID_member) values (6, 42);
insert into Slot (ID_slot, ID_member) values (6, 43);
insert into Slot (ID_slot, ID_member) values (6, 44);
insert into Slot (ID_slot, ID_member) values (6, 45);
insert into Slot (ID_slot, ID_member) values (6, 46);
insert into Slot (ID_slot, ID_member) values (6, 47);
insert into Slot (ID_slot, ID_member) values (6, 48);
insert into Slot (ID_slot, ID_member) values (6, 49);
insert into Slot (ID_slot, ID_member) values (6, 50);
insert into Slot (ID_slot, ID_member) values (6, 51);
insert into Slot (ID_slot, ID_member) values (6, 52);
insert into Slot (ID_slot, ID_member) values (6, 53);
insert into Slot (ID_slot, ID_member) values (6, 54);
insert into Slot (ID_slot, ID_member) values (6, 55);
insert into Slot (ID_slot, ID_member) values (6, 56);
insert into Slot (ID_slot, ID_member) values (6, 57);
insert into Slot (ID_slot, ID_member) values (6, 58);
insert into Slot (ID_slot, ID_member) values (6, 59);
insert into Slot (ID_slot, ID_member) values (6, 60);

